name,code,keph,sub,lat,lon,pop,poorest,poor40,heat,flood,heat_poor,flood_poor,far,rwi,hot_days,rx5,river,km,max_km,assessed,assessed_name,risk,V
Baolala Dispensary,11244,Level 2,Malindi,-3.17962,39.78562,51625,9386,18773,14080,0,0,0,0,-0.344,17.3,85.3,28.7,3.5,6.1,True,Baolala Health centre,30.1,3.62
Timboni Community Dispensary,11851,Level 2,Kilifi North,-3.1843,39.7403,39775,1203,20601,39775,802,20601,401,0,-0.38,23.1,84.0,13.3,3.0,8.0,False,,,
Tsangatsini Dispensary,11859,Level 2,Kaloleni,-3.7144,39.4498,36417,15846,25051,0,0,0,0,0,-0.459,10.6,80.7,25.2,4.4,9.6,True,Tsangatsini Dispensary,33.0,3.67
Baricho Dispensary,11248,Level 2,Magarini,-3.1037,39.7846,34421,14706,24718,29728,0,20025,0,0,-0.494,21.9,85.0,49.1,4.2,6.0,False,,,
Kakuyuni Dispensary (Malindi),11453,Level 2,Malindi,-3.22034,40.0019,32852,9386,9386,0,0,0,0,0,-0.167,0.9,103.5,2.9,2.4,3.6,False,,,
Kakoneni Dispensary,11452,Level 2,Malindi,-3.1644,39.8659,29412,10013,14706,0,0,0,0,0,-0.33,12.5,86.6,49.1,3.0,4.7,False,,,
Chasimba Health Centre,11282,Level 3,Kilifi South,-3.7349,39.7,28574,0,10059,0,0,0,0,0,-0.18,1.0,97.3,28.9,3.5,7.1,True,Chasimba Health Centre,18.7,2.8
Rimarapera Dispensary,11617,Level 2,Ganze,-3.6256,39.3965,26527,11381,16592,401,13228,0,9620,10422,-0.463,14.7,77.1,46.7,10.5,25.8,False,,,
Gotani Dispensary,11404,Level 2,Kaloleni,-3.7865,39.5406,26411,1761,7043,0,0,0,0,0,-0.291,4.7,85.5,28.9,3.8,7.4,True,Gotani Model Health Centre,31.2,3.61
Madunguni Dispensary,11534,Level 2,Malindi,-3.1837,39.9748,25345,0,10013,0,0,0,0,0,-0.193,2.3,101.1,6.3,2.5,4.2,True,Madunguni Dispensary,31.7,3.67
Viragoni Dispensary,17689,Level 2,Kaloleni,-3.7012,39.534,23533,5683,11767,0,0,0,0,0,-0.383,6.2,81.3,28.9,3.8,8.6,False,,,
Kadzinuni Dispensary,11447,Level 2,Kilifi North,-3.74511,39.81237,22620,3086,10282,0,0,0,0,0,-0.232,0.2,102.4,2.9,2.8,4.3,False,,,
Ziani Dispensary,18374,Level 2,Kilifi South,-3.75564,39.71749,21601,0,6172,0,0,0,0,0,-0.242,0.4,100.6,21.9,3.1,6.0,False,,,
Junju Dispensary,11444,Level 2,Kilifi South,-3.8299,39.7611,21601,0,9257,0,0,0,0,0,-0.18,0.1,107.9,9.7,2.4,3.5,False,,,
Mtwapa Health Centre,11672,Level 3,Kilifi South,-3.9179,39.7382,21601,0,0,0,0,0,0,0,0.479,0.2,113.8,12.4,2.8,4.8,False,,,
Chalani Dispensary,16191,Level 2,Kaloleni,-3.754814,39.630511,21128,7043,8804,0,0,0,0,0,-0.315,2.2,91.4,28.9,3.5,6.5,False,,,
Mshongoleni Community Dispensary,20300,Level 2,Malindi,-3.2469,40.0273,20828,2055,6749,0,0,0,0,0,-0.08,0.2,105.6,2.9,2.3,3.8,False,,,
Kombeni Dispensary,11498,Level 2,Rabai,-3.9128,39.5871,20711,0,0,0,0,0,0,0,0.202,2.8,105.9,12.4,2.4,3.8,True,Kombeni Dispensary,32.6,3.63
Bwagamoyo Dispensary,11266,Level 2,Rabai,-3.9202,39.6445,20711,0,3452,0,0,0,0,0,-0.155,1.5,110.6,12.4,2.7,5.1,True,Bwagamoyo Dispensary,38.6,3.99
Rabai Rural Health Demonstration Centre,11748,Level 3,Rabai,-3.939,39.5664,20711,0,3452,0,0,0,0,0,0.105,3.0,107.2,12.4,2.6,5.1,True,Rabai Sub County Hospital,25.0,3.43
Adu Dispensary,11198,Level 2,Magarini,-2.8398,39.9799,20038,13150,16281,0,0,0,0,3131,-0.574,3.6,90.4,23.5,7.0,24.6,False,,,
Kadaina Community Dispensary,11445,Level 2,Kilifi North,-3.379185,39.930862,19482,5094,9205,0,0,0,0,0,-0.286,0.8,93.7,2.9,4.1,6.5,True,Kadaina Community Dispensary,29.7,3.43
Gongoni Health Centre,11401,Level 3,Magarini,-3.0361,40.1334,19405,0,5946,0,0,0,0,626,-0.169,0.2,100.1,4.0,5.4,10.6,True,Gongoni Health Centre,23.3,2.59
Ganda Dispensary,11382,Level 2,Malindi,-3.2181,40.0941,19399,0,0,0,0,0,0,0,0.214,0.1,104.8,2.9,2.5,3.9,False,,,
Ngerenya Dispensary,11713,Level 2,Kilifi North,-3.5135,39.8623,19301,0,6567,0,4913,0,401,0,-0.252,0.0,99.0,39.3,3.4,5.8,False,,,
Vipingo Rural Demonstration Health Centre,11881,Level 3,Kilifi South,-3.8193,39.8094,18515,3086,3086,0,0,0,0,0,0.139,0.1,105.9,1.4,2.4,4.0,True,Vipingo Rural Demonstration Health Centre,25.0,2.68
Shangia Dispensary,16189,Level 2,Kaloleni,-3.8028,39.4083,17851,2562,6885,0,5683,0,401,802,-0.146,11.0,81.0,67.9,4.8,16.1,True,Shangia Dispensary,41.9,4.34
Mwangatini Dispensary,11689,Level 2,Magarini,-3.1434,40.0495,17837,11265,11891,0,0,0,0,0,-0.58,0.5,104.5,3.7,3.4,4.4,False,,,
Kinarani Dispensary,11481,Level 2,Kaloleni,-3.7296,39.5792,17607,1761,7043,0,0,0,0,0,-0.348,3.5,85.3,28.9,3.3,5.8,False,,,
Mariakani District Hospital,11566,Level 4,Kaloleni,-3.8567,39.4939,17607,1761,3521,0,8804,0,0,0,0.082,6.6,89.4,106.1,3.4,5.7,True,Mariakani Sub County Hospital,27.5,3.18
Mavueni Dispensary,18482,Level 2,Kilifi North,-3.678,39.79902,17245,0,401,0,0,0,0,0,0.026,0.4,99.6,3.1,2.6,5.0,True,Mavueni Dispensary,35.7,4.29
Watamu Dispensary,11895,Level 2,Kilifi North,-3.3501,40.0123,16443,2055,2055,0,0,0,0,0,0.149,0.1,99.7,2.9,3.1,4.5,True,Watamu Dispensary,39.6,4.4
Jibana Sub District Hospital,11432,Level 4,Kaloleni,-3.8311,39.6865,15865,1761,7932,0,0,0,0,0,-0.248,0.5,104.6,18.8,2.5,4.1,True,Jibana Sub District Hospital,16.6,2.17
Mtepeni Dispensary,11666,Level 2,Kilifi South,-3.9002,39.7316,15795,6538,9623,0,0,0,0,0,-0.423,0.3,112.6,12.4,3.0,4.7,False,,,
Makanzani Dispensary,11547,Level 2,Rabai,-3.8655,39.6068,15568,0,5212,0,0,0,0,0,-0.212,2.3,99.5,17.9,2.4,5.2,False,,,
Msumarini Dispensary,11659,Level 2,Kilifi South,-3.87227,39.79793,15429,0,0,0,0,0,0,0,0.214,0.1,111.9,12.4,2.2,3.3,True,Msumarini Dispensary,28.5,3.43
Pingilikani Dispensary,11738,Level 2,Kilifi South,-3.7744,39.7735,15429,6172,6172,0,0,0,0,0,-0.24,0.2,102.8,3.1,2.1,3.8,False,,,
Mtoroni Dispensary,18309,Level 2,Magarini,-2.86116,40.15056,15028,5009,10019,0,0,0,0,10019,-0.477,1.7,93.1,6.0,13.8,26.6,False,,,
Mtondia Dispensary,11667,Level 2,Kilifi North,-3.5712,39.8675,14789,0,2055,0,2456,0,0,0,0.128,0.1,101.8,26.2,3.2,5.4,True,Mtondia Dispensary,28.1,3.38
Jilore Dispensary,11433,Level 2,Malindi,-3.1892,39.9058,14706,4693,4693,0,0,0,0,0,-0.239,9.7,87.8,49.1,1.7,2.4,False,,,
Kizingo Health Centre,11497,Level 3,Kilifi South,-3.7821,39.677,14104,0,1761,0,0,0,0,0,-0.127,0.5,100.1,28.9,2.0,3.1,False,,,
Rainbow Medical Burangi,11752,Level 2,Magarini,-3.2619,40.0897,14080,0,0,0,0,0,0,0,0.382,0.1,106.4,2.9,2.1,3.6,False,,,
Kamkomani Dispensary,19189,Level 2,Kaloleni,-3.8844,39.5189,13946,0,0,0,3521,0,0,0,0.08,4.7,96.8,56.2,3.0,4.9,False,,,
Lenga Dispensary,11517,Level 2,Rabai,-3.8669,39.6618,13441,6538,6538,0,0,0,0,0,-0.324,0.7,110.5,12.4,2.5,3.6,False,,,
Bamba Sub-County Hospital,11237,Level 4,Ganze,-3.5454,39.5237,13228,3207,7616,0,12025,0,6814,0,-0.369,10.1,75.7,114.9,5.4,8.4,True,Bamba Sub County Hospital,24.6,3.21
Mnarani Dispensary,11636,Level 2,Kilifi North,-3.6412,39.8459,13134,0,2456,0,2055,0,2055,0,0.177,0.1,100.0,26.4,3.3,7.4,False,,,
Mirihini Dispensary,11618,Level 2,Ganze,-3.43813,39.59241,12827,3207,8418,802,12827,802,8418,401,-0.409,13.5,79.2,151.2,5.8,11.2,False,,,
Roka Maweni Dispensary,11758,Level 2,Kilifi North,-3.4436,39.92867,12733,0,6166,0,0,0,0,0,-0.336,0.1,96.5,2.2,2.7,4.5,False,,,
Bomani Dispensary,11255,Level 2,Kilifi South,-3.8843,39.7494,12343,0,3086,0,0,0,0,0,-0.056,0.1,112.4,12.4,2.2,3.7,True,Bomani Dispensary,33.0,3.97
Palakumi Dispensary,11730,Level 2,Ganze,-3.6213,39.6059,12340,8331,10737,0,5612,0,4810,0,-0.608,4.1,82.5,84.9,5.1,8.0,True,Palakumi Dispensary,34.8,4.18
Vishakani Dispensary,16190,Level 2,Kaloleni,-3.83063,39.62322,12325,0,0,0,0,0,0,0,0.117,2.3,95.0,28.9,3.0,5.0,True,Vishakani Dispensary,36.3,4.18
Bombi Dispensary,11256,Level 2,Magarini,-3.07925,39.47874,11897,8766,10019,11897,0,10019,0,6262,-0.619,54.2,73.0,16.8,11.1,27.4,False,,,
Fundi Issa Dispensary,11379,Level 2,Magarini,-2.92982,40.09493,11271,3757,6888,0,0,0,0,0,-0.445,0.5,91.3,7.2,4.5,7.7,False,,,
Sabaki Dispensary,11761,Level 2,Magarini,-3.1637,40.0829,11265,0,1879,0,0,0,0,0,-0.185,0.3,104.4,3.5,3.5,5.5,True,Sabaki Dispensary,31.0,3.45
Sokoke Dispensary,11802,Level 2,Ganze,-3.5215,39.767,10925,5663,8520,0,10925,0,8520,0,-0.542,2.5,93.4,152.0,4.6,6.6,False,,,
Cowdray Dispensary,11293,Level 2,Kilifi North,-3.2886,40.0766,10859,6749,8804,0,0,0,0,0,-0.502,0.0,106.1,2.9,1.7,2.3,False,,,
Matsangoni Model Health Centre,11580,Level 3,Kilifi North,-3.3904,39.9286,10678,0,0,0,0,0,0,0,0.087,0.3,94.6,2.9,2.8,4.2,True,Matsangoni Model Health Centre,25.0,2.88
Karimboni Dispensary,20344,Level 2,Magarini,-3.0959,39.9935,10645,4383,8140,0,0,0,0,0,-0.522,1.6,103.7,46.4,4.0,6.9,False,,,
Ribe Dispensary,11756,Level 2,Rabai,-3.8854,39.6315,10355,0,0,0,0,0,0,0,0.04,1.4,107.7,12.4,1.7,2.4,True,Ribe Dispensary,31.4,3.26
Mijomboni Dispensary,11610,Level 2,Kilifi North,-3.2621,40.0016,10277,0,2055,0,0,0,0,0,-0.043,0.5,101.9,2.9,3.3,6.9,False,,,
Mizijini Dispensary,11625,Level 2,Magarini,-2.96167,40.00046,10019,4383,8140,0,0,0,0,0,-0.528,3.2,93.3,48.0,3.9,6.3,False,,,
Muryachakwe Dispensary,11653,Level 2,Ganze,-3.2885,39.5768,9846,5837,8643,6639,9846,5837,8643,401,-0.564,21.9,86.3,133.8,6.1,11.2,True,Muryachakwe Dispensary,27.1,3.02
Midoina Dispensary,11609,Level 2,Ganze,-3.5017,39.3872,8819,5211,6814,6814,8819,5211,6814,4810,-0.59,22.0,74.4,86.2,10.4,21.0,False,,,
Shomella Dispensary,20307,Level 2,Magarini,-2.9802,40.0561,8766,2505,3131,0,0,0,0,0,-0.334,0.9,98.8,24.0,3.8,7.0,False,,,
Marereni Dispensary,11563,Level 3,Magarini,-2.863,40.1446,8766,3131,5009,0,0,0,0,626,-0.443,0.5,91.8,5.9,5.1,12.4,False,,,
Marafa Health Centre,11562,Level 3,Magarini,-3.0283,39.9597,8766,2505,4383,0,0,0,0,0,-0.344,5.1,97.2,49.1,3.8,7.8,True,Marafa Sub County Hospital,35.6,4.45
Takaungu Dispensary,11836,Level 2,Kilifi North,-3.6828,39.8592,8222,2055,2055,0,0,0,0,0,0.099,0.1,102.2,2.3,2.6,4.5,True,Takaungu Dispensary,27.9,2.98
Kiwandani Dispensary,11493,Level 2,Kilifi North,-3.5717037,39.8719258,8222,0,0,0,0,0,0,0,0.238,0.0,104.3,0.8,2.7,3.6,False,,,
Gede Health Centre,11387,Level 3,Kilifi North,-3.2847,40.0507,8222,2055,2055,0,0,0,0,0,-0.139,0.0,104.6,2.9,2.5,3.8,True,Gede Sub-County Hospital,29.4,3.27
Sosoni Dispensary,11805,Level 2,Magarini,-3.028,39.8229,8140,1879,5636,6262,0,4383,0,0,-0.469,20.5,84.8,49.1,3.5,5.8,False,,,
Dungicha Dispensary,19024,Level 2,Ganze,-3.4724,39.6598,7616,2806,5612,0,7616,0,5612,0,-0.506,7.5,82.7,152.0,4.3,6.9,False,,,
Bore Singwaya Dispensary,20309,Level 2,Magarini,-3.0526,39.9066,7514,1879,5636,0,0,0,0,0,-0.485,12.7,90.7,49.1,3.5,6.1,False,,,
Ganze Health Centre,11383,Level 3,Ganze,-3.5424,39.672,7215,2004,4008,0,7215,0,4008,0,-0.373,4.8,83.3,152.0,4.3,7.6,False,,,
Mgamboni Dispensary,11601,Level 2,Kaloleni,-3.8452,39.6634,6973,0,1761,0,0,0,0,0,-0.277,1.2,102.4,16.6,1.7,2.2,False,,,
Kokotoni Dispensary,17017,Level 2,Rabai,-3.92054,39.52444,6904,0,0,0,6904,0,0,0,0.837,3.5,105.0,187.1,2.3,2.8,False,,,
Garashi Dispensary,11384,Level 2,Magarini,-3.13088,39.8913,6888,2505,5009,0,0,0,0,0,-0.482,11.3,90.8,49.1,3.3,5.5,True,Garashi Dispensary,24.7,3.09
Gahaleni Dispensary,11380,Level 2,Malindi,-3.2687,40.0937,6749,0,0,0,0,0,0,0,0.473,0.1,105.3,2.9,2.2,2.5,False,,,
Malanga Dispensary (Vitengeni),20342,Level 2,Ganze,-3.2818,39.7904,6697,5896,5896,0,0,0,0,0,-0.851,12.4,86.4,4.2,5.8,7.6,False,,,
Madamani Dispensary,11532,Level 2,Ganze,-3.3938,39.7484,6413,2806,4008,0,6413,0,4008,0,-0.467,8.6,88.2,152.0,4.0,7.3,False,,,
Vitengeni Health Centre,11883,Level 3,Ganze,-3.3591,39.708,6413,3608,5211,0,6413,0,5211,0,-0.543,13.6,88.2,152.0,4.5,7.4,True,Vitengeni Health Centre,33.7,4.22
Chamari Dispensary,20308,Level 2,Magarini,-2.9027,39.8974,6262,2505,5009,0,0,0,0,0,-0.574,9.3,87.1,49.1,4.6,7.1,True,Chamari Dispensary,25.1,3.43
Dagamra Dispensary,11297,Level 2,Magarini,-3.1824,39.9364,5946,626,5319,0,0,0,0,0,-0.373,6.3,93.1,12.6,1.6,3.4,False,,,
Gandini Dispensary,18300,Level 2,Magarini,-3.4215,39.422,5837,2806,4635,3031,5211,2230,4008,626,-0.558,22.3,77.1,102.2,8.1,22.3,False,,,
Marikebuni Dispensary,11571,Level 2,Magarini,-3.0903,40.1121,5636,0,626,0,0,0,0,0,-0.208,0.2,103.5,4.0,3.4,5.8,False,,,
Jaribuni Dispensary,11430,Level 2,Ganze,-3.6326,39.7427,5211,802,1603,0,2405,0,802,0,-0.284,1.5,94.1,79.8,3.7,5.9,False,,,
Matolani Dispensary,11578,Level 2,Magarini,-3.10202,39.66969,5009,1879,3131,5009,0,3131,0,0,-0.445,31.9,83.0,24.0,3.7,6.1,False,,,
Muyeye Health Centre (Municipal),11677,Level 3,Malindi,-3.2327,40.1149,4693,0,0,0,0,0,0,0,0.878,0.1,104.9,2.9,0.8,0.8,True,Muyeye Municipality Health centre,26.7,3.21
Malindi District Hospital,11555,Level 4,Malindi,-3.2165,40.1182,4693,0,0,0,0,0,0,0,1.557,0.0,104.5,2.9,0.8,0.8,True,Malindi SC Hospital,23.9,2.66
Mwapula Dispensary,21119,Level 2,Ganze,-3.6186,39.7034,4409,2405,3207,0,3608,0,2405,0,-0.476,2.2,90.2,129.6,3.3,5.5,True,Mwapula Dispensary,29.3,3.38
Kilifi County Hospital,11474,Level 4,Kilifi North,-3.63205,39.85722,4111,0,0,0,0,0,0,0,1.13,0.0,100.4,0.8,2.5,2.6,True,Kilifi County Hospital,21.9,2.35
Mulunguni Dispensary,21787,Level 2,Magarini,-2.9790797,39.7715075,3757,3131,3757,3757,0,3757,0,0,-0.716,24.5,82.0,49.1,3.8,7.1,False,,,
Mmangani Dispensary,20036,Level 2,Malindi,-3.11,39.5847,3757,2505,3757,3757,0,3757,0,0,-0.685,45.3,78.4,20.4,3.6,5.7,False,,,
Dida Dispensary,11305,Level 2,Ganze,-3.4288,39.8054,3608,2405,3207,0,3608,0,3207,0,-0.627,4.2,90.4,152.0,3.9,6.4,False,,,
Kambe Dispensary,16192,Level 2,Rabai,-3.8487,39.6324,3452,0,0,0,0,0,0,0,0.545,1.8,100.4,12.4,0.7,0.7,False,,,
Rainbow Community Care,11751,Level 3,Magarini,-3.18099,40.11512,3131,0,0,0,0,0,0,0,0.406,0.1,104.3,4.0,2.4,3.8,False,,,
Dzikunze Dispensary,11359,Level 2,Ganze,-3.2956,39.7508,2806,1203,1203,401,2405,0,1203,0,-0.408,16.7,87.1,111.6,5.1,7.4,False,,,
Mjanaheri Dispensary,21213,Level 2,Magarini,-3.0793,40.1409,2505,0,626,0,0,0,0,0,0.121,0.1,102.6,4.0,1.8,2.3,False,,,
Mambrui Dispensary,11559,Level 2,Magarini,-3.1184,40.1569,2505,0,626,0,0,0,0,0,-0.15,0.2,103.7,4.0,2.1,2.9,False,,,
Chakama Dispensary,11276,Level 2,Magarini,-3.122,39.6335,1879,0,1252,1879,626,1252,0,0,-0.376,34.7,81.8,55.3,3.3,7.1,True,Chakama Dispensary,28.6,3.3
